Post ID,Title,text,Url,Author,Score,Publish Date,Total No. of Comments,Permalink,Flair,awards
eifjq5,Annual Forecast for Facebook (FB) ‚Äì 2020,,https://uk.advfn.com/newspaper/azeez-mustapha/53285/annual-forecast-for-facebook-fb-2020,Ituglobal,1,2020-01-01 00:16:44,0,/r/wallstreetbets/comments/eifjq5/annual_forecast_for_facebook_fb_2020/,Technicals,0
eifm4x,Timothy Dexter: Patron saint of WSB,,https://www.youtube.com/watch?v=ChSUvdU_Sbk,crrao567,1,2020-01-01 00:25:00,0,/r/wallstreetbets/comments/eifm4x/timothy_dexter_patron_saint_of_wsb/,NaN,0
eifobk,Hot inside tip AMD crashing,"Happy New year's, you sick fuckers! I couldn't have lost half my hard earned money this year without you! XOX",https://www.reddit.com/r/wallstreetbets/comments/eifobk/hot_inside_tip_amd_crashing/,ignatztempotypo,1,2020-01-01 00:32:51,5,/r/wallstreetbets/comments/eifobk/hot_inside_tip_amd_crashing/,NaN,0
eifpjj,Happy New Years!!!! 20beeniemuthafuccin20!,,https://imgur.com/ljfM55V,upvoteguy7,1,2020-01-01 00:37:02,0,/r/wallstreetbets/comments/eifpjj/happy_new_years_20beeniemuthafuccin20/,NaN,0
eiftuc,Dumbest trades of 2019,"We see a lot of loss porn, but I wanted to ask about your dumbest trades of 2019. I just made mine so here goes: 

I bought an SPX 12/31 call when it was on sale late in the day. I wasn‚Äôt sure if we‚Äôd have a small sell off before a closing rally so I was planning to let the call rise up a bit, lock my gain, then buy a January call around power hour anticipating a closing rally. I just got flagged PDT in the morning and it hadn‚Äôt cleared so I figured no big deal the 12/31 call is a few strikes ITM so I‚Äôll just sell the next deeper ITM call and use the proceeds to buy the January call an hour before close. 

I waited and watched the chart as SPX slowly rose, pulled back, and rose some more. I figured it was time so I sold the next NTM call (yep!) and locked in a nice little loss. A loss that I had just waited patiently to build up. 

And after that I didn‚Äôt even go back and get the January call. Maybe I‚Äôd have clicked sell instead of buy or something. 

What was your most impressive feat of stupidity this year?",https://www.reddit.com/r/wallstreetbets/comments/eiftuc/dumbest_trades_of_2019/,johntaylor37,1,2020-01-01 00:51:23,27,/r/wallstreetbets/comments/eiftuc/dumbest_trades_of_2019/,NaN,0
eifu11,DD: AZN / MRK Got Approval For New pancreatic cancer treatment,"AZN - Buy $50 call 1/3/20
MRK - Buy $91 call on 1/3/20

Enjoy the bigly new year new portfolio new me gains!

https://finance.yahoo.com/news/astrazenecas-lynparza-gets-fda-nod-135501652.html",https://www.reddit.com/r/wallstreetbets/comments/eifu11/dd_azn_mrk_got_approval_for_new_pancreatic_cancer/,micholas_norse,1,2020-01-01 00:51:58,14,/r/wallstreetbets/comments/eifu11/dd_azn_mrk_got_approval_for_new_pancreatic_cancer/,DD,0
eifxax,Happy new decade and shit,"May all of us make the tendies. Bulls, bears, and snails alike. 

Happy new year motherfuckers.",https://www.reddit.com/r/wallstreetbets/comments/eifxax/happy_new_decade_and_shit/,Drew1904,1,2020-01-01 01:03:21,8,/r/wallstreetbets/comments/eifxax/happy_new_decade_and_shit/,YOLO,0
eig4bp,The sad irony of tendies,"WSB tendies are literally the pursuit of pump and dumb or dump and pump bounces. In fact, doing as exactly intended in the most Rambo of ways. 

Fruit flies chasing rooting fruit in bottle trap without planning their way out. 

Just like real tendies all youre getting is the grinder up leftover meat and crumbs.

Gen z fights back against boomer and right into his fat wallet.

Nice. Love you guys.

You've made me more retarded than ever.",https://www.reddit.com/r/wallstreetbets/comments/eig4bp/the_sad_irony_of_tendies/,supersap88,1,2020-01-01 01:27:18,6,/r/wallstreetbets/comments/eig4bp/the_sad_irony_of_tendies/,Shitpost,0
eig6iz,2019 in review.,"2019 was a wild ride for this degenerate sub. I learned some lessons which took me close to a year to finally fucking learn. Broke up with GF so I'll have more money this year. 

We confirmed the afterlife and the paranormal. We saw a man's soul leave his body on camera. The only evidence for this phenomenon is a 'guh' sound. 

Theta gang collects more converts. 

Robinhood is still hot garbage and doesn't know what a spread is. Why we still use this I have no fucking clue. Why people with over 20k use it I don't even know.

Schwab is playing 5-dimensional chess and cut fees to zero. The other big players followed, and Schwab merged with TD.

The deal to sign the deal that signs the deal prior to signing the phase one deal was signed. Still waiting on phase one deal to be signed. 

Stonks only go up.

Not QE is definitely QE

&amp;#x200B;

2020 is gonna be a good one boys. Roaring twenties here we come.",https://www.reddit.com/r/wallstreetbets/comments/eig6iz/2019_in_review/,StevenMcphearson,1,2020-01-01 01:35:35,16,/r/wallstreetbets/comments/eig6iz/2019_in_review/,Discussion,0
eig76h,Anti Aging Secrets,,http://pos.li/2ec32m,onevmone,1,2020-01-01 01:38:09,0,/r/wallstreetbets/comments/eig76h/anti_aging_secrets/,NaN,0
eigfbf,MRO Breakout?,"The SMAs are aligning. Wtf do I do?? I have $2000 margin buying power.

Srsly is this likely to starting blowing gold all over everyone? Halp!",https://www.reddit.com/r/wallstreetbets/comments/eigfbf/mro_breakout/,notasmellybridgetrol,1,2020-01-01 02:08:49,1,/r/wallstreetbets/comments/eigfbf/mro_breakout/,NaN,0
eiglvd,Which one of you was this ? (Tesla),[removed],https://www.reddit.com/r/wallstreetbets/comments/eiglvd/which_one_of_you_was_this_tesla/,optionstudent516,1,2020-01-01 02:34:31,3,/r/wallstreetbets/comments/eiglvd/which_one_of_you_was_this_tesla/,Shitpost,0
eiguo4,How many of you are on the spectrum?,[removed],https://www.reddit.com/r/wallstreetbets/comments/eiguo4/how_many_of_you_are_on_the_spectrum/,csteemo,1,2020-01-01 03:07:31,0,/r/wallstreetbets/comments/eiguo4/how_many_of_you_are_on_the_spectrum/,Discussion,0
eih880,"[SERIOUS] So, I've seen this picture on one of the most upvoted posts. Can someone tell me what's on each monitor, what he's doing and what the workflow of such a guy looks like (detailed answers only please; assume I know the basics of stocks).",,https://i.redd.it/kexa2ynpe5841.png,ermendonce,1,2020-01-01 04:00:24,0,/r/wallstreetbets/comments/eih880/serious_so_ive_seen_this_picture_on_one_of_the/,Fundamentals,0
eih9st,"Daily Discussion Thread - January 01, 2020","Your daily trading discussion thread. Please keep the shitposting to a minimum. 

Looking for a trade? Help yourself to some farm-to-table [DD Threads](https://reddit.com/r/wallstreetbets/search?sort=new&amp;restrict_sr=on&amp;q=flair%3ADD)

[Weekly Earnings Discussion Thread](https://www.reddit.com/r/wallstreetbets/search?sort=new&amp;restrict_sr=on&amp;q=flair%3A%22Earnings%20Thread%22)

[WSB Discord Chat](http://discord.gg/wallstreetbets)",https://www.reddit.com/r/wallstreetbets/comments/eih9st/daily_discussion_thread_january_01_2020/,AutoModerator,1,2020-01-01 04:06:14,693,/r/wallstreetbets/comments/eih9st/daily_discussion_thread_january_01_2020/,Daily Discussion,0
eihjak,2019 1st Annual Wallstreetbets Awards Winners,"#Welcome to the 1st Annual Wallstreetbets Awards!

Here we will celebrate some of the most notable WSB users and posts of 2019. It was an interesting year with a lot of interesting characters and crazy plays. Let's toast to 2020 being just as wild. Who knows what the rest of the year will bring. I'm excited to find out and hope to see some of you here next year!

######**Categories**

- **Autist of the Year**
 - Winner: &gt;!u/RobinhoodTeam as voted by the community for their lack of control over their own platform. The two runner ups would not be possible without Robinhood.!&lt;
 - Runner ups: &gt;!u/ControlTheNarrative (GUH) and u/1R0NYMAN!&lt;

- **Thread of the Year**
 - Winner: &gt;![No bamboozles, everyone who comments in this thread will be invited to become a mod of r/WSB.](https://old.reddit.com/r/wallstreetbets/comments/b87viz/no_bamboozles_everyone_who_comments_in_this/) by u/OPINION_IS_UNPOPULAR. This was great and had over 78k comments. It picked up very quickly and reached #1 on all. Of the 78k commenters, around 7k people were modded before the operation was canceled!&lt;
 - Runner up: &gt;![A Message From The Mods](https://old.reddit.com/r/wallstreetbets/comments/at3nf1/a_message_from_the_mods/) (paper trading competition results) by u/CHAINSAW_VASECTOMY. Unfortunately over 200 people fell victim to this trap.!&lt;

- **Plays of the Year**
 - Winner: &gt;!u/TheTriviaTribe for turning **$766 into $108,000 in TWO trades.** Link to [imgur album with two images of plays](https://imgur.com/a/E99lJaC). Link to [thread of first play](https://old.reddit.com/r/wallstreetbets/comments/d6xlct/thank_you_roku/) and link to [thread of second play](https://old.reddit.com/r/wallstreetbets/comments/d8pmeu/thank_you_spy/).!&lt;

- **Most Overall Realized Gain of the Year**
 - Winner: &gt;!u/thesmd1 for making **$1,020,882.86** from AMD day trades! Link to [thread here](https://old.reddit.com/r/wallstreetbets/comments/ec6jrx/822mil_of_amd_in_one_year_average_trade_of_200k/). Link [to image of gain](https://i.imgur.com/mNTGTrD.jpg). Note that there are others that have made more but for privacy reasons, they do not want to reveal their gains!&lt;

- **Most Gains from a Single Play**
 - Winner: &gt;!u/analfarmer2 for making 277k+ after news helped his play. Image [of the play](https://i.imgur.com/WTfR06Y.jpg). And [thread here](https://old.reddit.com/r/wallstreetbets/comments/cksrsf/spy_puts_277k_profit_in_1_minute/).!&lt;

- **Most Percent Gain from a Single Play**
 - Winner: &gt;!u/VacationLover1 for having a 16,000%+ gain from a single options play. Picture [of the gains here](https://i.imgur.com/8EY7SFS.jpg).!&lt;
 - Runner up: &gt;!u/Yoloking25 with a 10,836.73% gain with BIIB Link [to thread here](https://old.reddit.com/r/wallstreetbets/comments/ed4d5g/600_bucks_to_53k_last_biib_earnings_never_gets_old/fbflcfj/)!&lt;

- **Loss of the Year**
 - Winner: &gt;!u/analfarmer2 for losing over 600k. It started with [this play](https://old.reddit.com/r/wallstreetbets/comments/cl4sku/at_the_end_of_the_day_money_is_just_paper/) and then finally ended [with this play](https://old.reddit.com/r/wallstreetbets/comments/cnrj9t/doubling_down_wasnt_the_best_idea/). Here is [an album of six screenshots](https://imgur.com/a/aUEWN6E) that show the rise and fall of his portfolio. We definitely feel for analfarmer2 as the 600k he lost can be quite life changing. Be well, and remember that it's just paper.!&lt;

- **Meme Maker of the Year**
 - Winner: &gt;!u/Haupt91 for all of his amazing work throughout the year, and for being the first to do a [live interview format meme](https://old.reddit.com/r/wallstreetbets/comments/dtf7s0/wsb_yolo_king_lands_interview_on_cnbc/). Most memes are images or videos with text, but this went above and beyond and set a new standard. We hope to see others try this style. Keep up the great work haupt. Looking forward to seeing what you come up with this year.!&lt;

- **Meme of the Year**
 - Winner: &gt;![The Legend Of 1R0NYMAN](https://old.reddit.com/r/wallstreetbets/comments/ahy7dy/the_legend_of_1r0nyman/) by u/EffingDankrupt. This was very well made and came from someone who hadn't previously made any memes for wallstreetbets. This also happens to be his only meme thus far. Hopefully he has another great one in store for this year!

- **Live Stream of the Year**
 - Winner: &gt;!u/ControlTheNarrative for being the first to do a live stream of a loss. We hope others follow suit (but hopefully in gains). Thread [link here](https://old.reddit.com/r/wallstreetbets/comments/dpnzup/i_recorded_todays_marketopen_and_the_instant/). And direct [video link here](https://www.youtube.com/watch?v=A-tNkuYV4_Q).!&lt;
 - Runner up: &gt;!u/Dejula for his live stream of TSLA losses. Thread [link here](https://old.reddit.com/r/wallstreetbets/comments/e01t9k/watch_the_downfall_of_dejula/) and direct [video link here](https://www.youtube.com/watch?v=Nq5AhzKOrJw). However, see below.!&lt;

- **Comeback of the Year**
 - Winner: &gt;!u/Dejula for recovering from his TSLA losses in a very short time when TSLA went from 320s to 420s. Link [to thread here](https://old.reddit.com/r/wallstreetbets/comments/ed4cok/guess_whos_back_bitches/). If you don't want to read, here is an [imgur link of the rebound graph](https://i.imgur.com/OEOFGvG.jpg). If you'd like to watch, here is a [video of him explaining the comeback live](https://www.youtube.com/watch?v=LZjjNvwY9Xo). 
 - Runner up: &gt;!u/socialist_baby for recovering from 15k to 65k. Thread [link here](https://old.reddit.com/r/wallstreetbets/comments/dwssnw/if_youre_going_through_hell_keep_going/). And imgur album of [two screenshots found here](https://imgur.com/a/EF0SiQN).!&lt;

- **Phrases of the Year**
 - &gt;!GUH!&lt; &gt;!It literally cannot go tits up!&lt; &gt;!It's just paper!&lt;

- **Song of the Year**
 - Winner: &gt;!u/hooker_reacharound for playing and singing [this amazing song](https://streamable.com/bd10r) on the spot. He was banned, and the mods made him do a song to get unbanned. Link [to the thread here](https://old.reddit.com/r/wallstreetbets/comments/b3v5hj/banned_for_political_comments_ive_asked_the_mods/).

Suggestions for other awards are welcome for 2020, and may be added if there is enough interest.

Some of the winners may receive a free hardcopy book that u/jartek (CEO of wallstreetbets) is working on. It should be released this year!

Thank you to all the regulars and lurkers for making wallstreetbets what it is today. Without you, this subreddit would not be possible. Our current target is to have *one million subscribers* by the end of the second quarter. I hope you all enjoyed the year in review, and I wish each and every one of you a great year. May 2020 bring tons of fond memories and gains for all of us!",https://www.reddit.com/r/wallstreetbets/comments/eihjak/2019_1st_annual_wallstreetbets_awards_winners/,stormwillpass,1,2020-01-01 04:42:41,218,/r/wallstreetbets/comments/eihjak/2019_1st_annual_wallstreetbets_awards_winners/,NaN,0
eihyh9,Noob getting started....,HNY Everyone! I need some advice to kickstart my 2020. I just divested from first real investment and I want to reinvest by buying Amazon and Alphabet. What is a good price to go in at?  Appreciate any advice on these two shares or alternative options. Thank you.,https://www.reddit.com/r/wallstreetbets/comments/eihyh9/noob_getting_started/,OgNitro,1,2020-01-01 05:40:36,5,/r/wallstreetbets/comments/eihyh9/noob_getting_started/,Discussion,0
eihzxb,"ACB, what‚Äôs up",[removed],https://www.reddit.com/r/wallstreetbets/comments/eihzxb/acb_whats_up/,Mustang9512,1,2020-01-01 05:45:41,0,/r/wallstreetbets/comments/eihzxb/acb_whats_up/,NaN,0
eii46z,Taking some time today to remember the original autist,,https://i.imgur.com/5eNr6VK.jpg,stcopow,1,2020-01-01 06:01:15,0,/r/wallstreetbets/comments/eii46z/taking_some_time_today_to_remember_the_original/,NaN,0
eii4ys,Whoever was on here talking about capes being popular was onto something! Check out Ivanka trump last night,,https://www.reddit.com/r/wallstreetbets/comments/eii4ys/whoever_was_on_here_talking_about_capes_being/,billwhiz,1,2020-01-01 06:03:55,0,/r/wallstreetbets/comments/eii4ys/whoever_was_on_here_talking_about_capes_being/,NaN,0
eii5vb,Oh yeh,,https://i.redd.it/glyof9ar16841.jpg,ice4200,1,2020-01-01 06:06:50,0,/r/wallstreetbets/comments/eii5vb/oh_yeh/,NaN,0
eiicnv,You people have ruined me,"Every time I talk in public or write some message I start talking like a god damn autist straight from wsb. ""Fuck this, fuck that, retards, fuckers"" are like every other word out of my mouth.

I feel so alone now. You people are too damn rare out in the real world.",https://www.reddit.com/r/wallstreetbets/comments/eiicnv/you_people_have_ruined_me/,Yasai101,1,2020-01-01 06:30:39,104,/r/wallstreetbets/comments/eiicnv/you_people_have_ruined_me/,Shitpost,0
eiio23,Going into 2020. How does my portfolio look on my etrade account.,,https://i.redd.it/duy4v5lmc6841.jpg,omgoptions,1,2020-01-01 07:07:49,0,/r/wallstreetbets/comments/eiio23/going_into_2020_how_does_my_portfolio_look_on_my/,Discussion,0
eiio3s,Going into 2020. How does my portfolio look on my etrade account.,,https://i.redd.it/xttldornc6841.jpg,omgoptions,1,2020-01-01 07:07:59,0,/r/wallstreetbets/comments/eiio3s/going_into_2020_how_does_my_portfolio_look_on_my/,Discussion,0
eiio6c,Going into 2020. How does my portfolio look on my etrade account.,,https://i.redd.it/luj0da9pc6841.jpg,omgoptions,1,2020-01-01 07:08:12,0,/r/wallstreetbets/comments/eiio6c/going_into_2020_how_does_my_portfolio_look_on_my/,Discussion,0
eiio8i,Going into 2020. How does my portfolio look on my etrade account.,,https://i.redd.it/w1sny8dqc6841.jpg,omgoptions,1,2020-01-01 07:08:21,0,/r/wallstreetbets/comments/eiio8i/going_into_2020_how_does_my_portfolio_look_on_my/,Discussion,0
eiioh0,Going into 2020. How does my portfolio look on my etrade account.,,https://i.redd.it/n4swtbhvc6841.jpg,omgoptions,1,2020-01-01 07:09:09,1,/r/wallstreetbets/comments/eiioh0/going_into_2020_how_does_my_portfolio_look_on_my/,Discussion,0
eiiq38,I've concluded we're all autistic dumbasses.,"I was watching a couple videos about how to be a better options Trader which is technically impossible for the normal degenerate, and then I was reading up on stop losses. As soon as I finished my research an epiphany came into my head in a form of a very simple but yet raging question. Have any of you retards been using your stop loss to take profit or to not dig yourself in a bigger hole/ $ROPE by watching your profile run to Zero?",https://www.reddit.com/r/wallstreetbets/comments/eiiq38/ive_concluded_were_all_autistic_dumbasses/,Zmurray1996,1,2020-01-01 07:13:58,9,/r/wallstreetbets/comments/eiiq38/ive_concluded_were_all_autistic_dumbasses/,Shitpost,0
eiiqqv,Recession canceled,,https://i.imgur.com/6NElCLL.jpg,MrCosmoJones,1,2020-01-01 07:15:55,0,/r/wallstreetbets/comments/eiiqqv/recession_canceled/,NaN,0
eiis10,So what‚Äôs the deal with ‚Äòanalysts‚Äô?,"Let me get this straight. You can be a guy that‚Äôs analyzed multiple stocks for years and be totally wrong each time. But because you‚Äôre an e celeb or have lots of money you just say wow this stock looks awesome you all should invest in it, it skyrockets 40% overnight while your wife sells off ‚Äòher‚Äô shares right at the peak?

Seems dubiously legal",https://www.reddit.com/r/wallstreetbets/comments/eiis10/so_whats_the_deal_with_analysts/,Tacitly200,1,2020-01-01 07:19:51,29,/r/wallstreetbets/comments/eiis10/so_whats_the_deal_with_analysts/,NaN,0
eij1og,How I deal with my Beauty Obsession,,http://pos.li/2efh4f,PerfctSmile,1,2020-01-01 07:48:10,0,/r/wallstreetbets/comments/eij1og/how_i_deal_with_my_beauty_obsession/,NaN,0
eij20f,A tribute to /r/wallstreetbets,,https://www.youtube.com/watch?v=efNUXXBm5jE,xxwarmonkeysxx,1,2020-01-01 07:49:05,45,/r/wallstreetbets/comments/eij20f/a_tribute_to_rwallstreetbets/,NaN,0
eij248,How to trade like a professional stonks autist in 2020.,"We all love dropping all our $BECKY bucks on a good TSLA 420.69 call but sometimes stonks go all bearish. So how can you avoid throwing away your kiddies college fund to fulfil your gambling your habit? Well I'm going to try and teach y'all, autist to autist, how to make tendies like u/haput91 makes me-me's and avoid being the next u/analfarmer2. The stonks market awaits!

Note:&gt;! If you think I'm wrong, fuck you. We're all autists and someone has to explain to these degenerates what a stonk is. Go watch Rick and Morty if your IQ isn't too low.!&lt;

&amp;#x200B;

Idea 1: What the hell is this guy talking about?

Calls/Buys:&gt;! A bet that the stonk will go up to a certain point !&lt;

Puts/Sells&gt;!: A bet that the stonk will go down. !&lt;

Bulls: &gt;!Einsteins who believe stonks only go up! !&lt;

Bears: &gt;!Newtons who believe stonks will always go down! !&lt;

Thetas: &gt;!Beethovens that believe stonks will stay at the same level! !&lt;

Stonks: &gt;!Parts of publicly traded companies that change in value that even a BECKY could buy. !&lt;

BECKY's: &gt;!Like Karens but for stonks. !&lt;

&amp;#x200B;

Point 27: Gimmi those tendies!

So how are we gonna avoid spending little Jimmies college fund? 

First of all we're gonna stop using options. Instead of Calls&amp;Puts use Buys&amp;Sells. You still feel great when you win tendies but instead of loosing 100% on an expiring call you loose 3%, meaning you can make the same mistakes again and again without taking out a third mortgage!

Next? 

That's literally it. All you bulls going GUH as TSLA doesn't stay at $420 would be saving so much $$$ if you just used Buys instead of Calls. Now go inverse whatever I say I'm doing and find out what leverage is for yourself.

&amp;#x200B;

I'll update this post with more shitty info if you autists ask for it.",https://www.reddit.com/r/wallstreetbets/comments/eij248/how_to_trade_like_a_professional_stonks_autist_in/,TechnicalyAnIdiot,1,2020-01-01 07:49:22,21,/r/wallstreetbets/comments/eij248/how_to_trade_like_a_professional_stonks_autist_in/,DD,0
eij4ma,Oh how I wish the market was open today üò•,[removed],https://www.reddit.com/r/wallstreetbets/comments/eij4ma/oh_how_i_wish_the_market_was_open_today/,Swipe4Swipes,1,2020-01-01 07:56:36,0,/r/wallstreetbets/comments/eij4ma/oh_how_i_wish_the_market_was_open_today/,NaN,0
eijgnp,TESLA delivery numbers thread,"So what is everyone thinking for the 4th quarter? Numbers should be comming out by Friday. I‚Äôm thinking 105-106k and stock will probably settle around 450 EOW

If it‚Äôs under 100k I could see Tesla dropping to under 350 and it‚Äôs its 110k+ I could see 475+",https://www.reddit.com/r/wallstreetbets/comments/eijgnp/tesla_delivery_numbers_thread/,OSRSkarma,1,2020-01-01 08:28:30,67,/r/wallstreetbets/comments/eijgnp/tesla_delivery_numbers_thread/,Discussion,0
eijht4,"A WSB lurker's 2019 results; primarily via position trading beaten down biotech stocks. Continue to entertain me in 2020, degenerates...",,https://i.redd.it/04kozohpm6841.png,throwawaymyalias,1,2020-01-01 08:31:44,0,/r/wallstreetbets/comments/eijht4/a_wsb_lurkers_2019_results_primarily_via_position/,Gain,0
eijlkn,Can I buy calls on my alarm?,"So I left my alarm on this morning and I kept hitting snooze as I usually do on a work day. 
My wife keeps telling me to just turn it off. I said ‚Äúeveryone else is doing that, I‚Äôm keeping mine on so I can buy some calls on it‚Äù. 
WTF, I may still be drunk.",https://www.reddit.com/r/wallstreetbets/comments/eijlkn/can_i_buy_calls_on_my_alarm/,yell0w-sn0w,1,2020-01-01 08:41:33,8,/r/wallstreetbets/comments/eijlkn/can_i_buy_calls_on_my_alarm/,Shitpost,0
eijsj5,Searched for ACB announcement today and and this is what Google suggested next,,https://i.redd.it/yr2b3q0hw6841.png,SUP4oc,1,2020-01-01 08:58:59,0,/r/wallstreetbets/comments/eijsj5/searched_for_acb_announcement_today_and_and_this/,Shitpost,0
eijzxq,What do you think about CD Projekt?,"The stock keep flying, do you think it's a good stock for the long term? Cyberpunk will come out soon and they are working on Witcher 4.",https://www.reddit.com/r/wallstreetbets/comments/eijzxq/what_do_you_think_about_cd_projekt/,Crazy_Tofu,1,2020-01-01 09:16:42,0,/r/wallstreetbets/comments/eijzxq/what_do_you_think_about_cd_projekt/,Discussion,0
eik1ut,What other brokerage covers your screen with snowflakes?,,https://i.redd.it/l6p9f4yf07841.jpg,mooman97,1,2020-01-01 09:21:15,192,/r/wallstreetbets/comments/eik1ut/what_other_brokerage_covers_your_screen_with/,Shitpost,0
eik4ba,Government's cutüá∫üá∏,I made like 30$ trading ugaz last year- do I have to pay taxes on it?,https://www.reddit.com/r/wallstreetbets/comments/eik4ba/governments_cut/,blackpanther1001,1,2020-01-01 09:26:58,0,/r/wallstreetbets/comments/eik4ba/governments_cut/,NaN,0
eik56h,What do you think about CD Projekt?,This stock keep flying and with the release of Cyberpunk do you think it's a good investment for the long term? Also they working on Witcher 4,https://www.reddit.com/r/wallstreetbets/comments/eik56h/what_do_you_think_about_cd_projekt/,horagor89,1,2020-01-01 09:29:03,0,/r/wallstreetbets/comments/eik56h/what_do_you_think_about_cd_projekt/,NaN,0
eikbad,What do you think about CD Projekt?,[removed],https://www.reddit.com/r/wallstreetbets/comments/eikbad/what_do_you_think_about_cd_projekt/,majinoune89,1,2020-01-01 09:43:19,0,/r/wallstreetbets/comments/eikbad/what_do_you_think_about_cd_projekt/,NaN,0
eikjuz,Trading career in review.,,https://imgur.com/gallery/mELo7PM,yeastrolls,1,2020-01-01 10:02:36,0,/r/wallstreetbets/comments/eikjuz/trading_career_in_review/,NaN,0
eikk0r,dO yOu ThiNk Im PlaYing ArOuNd?,,https://i.redd.it/lbne1m4k77841.png,dirtymilkcheese,1,2020-01-01 10:02:56,0,/r/wallstreetbets/comments/eikk0r/do_you_think_im_playing_around/,Meme,0
eikv4s,My year in review,,https://v.redd.it/fvlq585xb7841,Mr_danga,1,2020-01-01 10:26:50,0,/r/wallstreetbets/comments/eikv4s/my_year_in_review/,NaN,0
eikxa7,"China's Central Bank cuts reserve ratio, effectively adding $115 billion into financial system, as economic growth slows to weakest pace in 30 years",,https://www.nytimes.com/2020/01/01/business/economy/china-economy-reserve-requirement-ratio.html,juxuj,1,2020-01-01 10:31:24,227,/r/wallstreetbets/comments/eikxa7/chinas_central_bank_cuts_reserve_ratio/,Discussion,0
eil2hi,Friendly reminder futures markets open at 5PM CT/6PM ET,"Hope you recovered enough from your hangover. Let's get ready for another bull year boys (I loaded up on calls before the close). 

 [https://www.cmegroup.com/tools-information/holiday-calendar.html](https://www.cmegroup.com/tools-information/holiday-calendar.html)",https://www.reddit.com/r/wallstreetbets/comments/eil2hi/friendly_reminder_futures_markets_open_at_5pm/,1poundbookingfee,1,2020-01-01 10:42:27,15,/r/wallstreetbets/comments/eil2hi/friendly_reminder_futures_markets_open_at_5pm/,Fundamentals,0
eil7bv,Leet Alphabet,,https://i.redd.it/gp714eoqg7841.png,therealhlmencken,1,2020-01-01 10:52:46,0,/r/wallstreetbets/comments/eil7bv/leet_alphabet/,NaN,0
eilbkb,"Don‚Äôt look now, but Goldman Sachs is saying the economy is nearly recession-proof",,https://www.cnbc.com/2019/12/31/goldman-sachs-is-saying-the-economy-is-nearly-recession-proof.html,webulltrade,1,2020-01-01 11:01:50,88,/r/wallstreetbets/comments/eilbkb/dont_look_now_but_goldman_sachs_is_saying_the/,NaN,0
eile0m,Aurora Cannabis (ACB) announces $100 billion partnership deal with Coca-Cola (KO),Anyone have a link yet? I know they're supposed to announce today. I figured I'd put this thread here as a placeholder. I'll edit in the link once an article is posted.,https://www.reddit.com/r/wallstreetbets/comments/eile0m/aurora_cannabis_acb_announces_100_billion/,codex222,1,2020-01-01 11:07:02,2,/r/wallstreetbets/comments/eile0m/aurora_cannabis_acb_announces_100_billion/,NaN,0
eileei,How we can all be retarded millionaires by the end of 2020,"Literally only buy calls

Fucking ACB is trending down? Fuck it calls.

Fucking TSLA is under $420? Fuck it calls.

Fucking MSFT is under $1000? Fuck it calls.

This market is retarded just like us and only going up for the next fucking decade.",https://www.reddit.com/r/wallstreetbets/comments/eileei/how_we_can_all_be_retarded_millionaires_by_the/,rawrtherapy,1,2020-01-01 11:07:52,96,/r/wallstreetbets/comments/eileei/how_we_can_all_be_retarded_millionaires_by_the/,NaN,0
eilej0,"My Wife: Spy Calls, Tesla Puts...","She doesn't want to use our upcoming tax return for options. I cannot convince her, so I am coming to you guys for help!",https://www.reddit.com/r/wallstreetbets/comments/eilej0/my_wife_spy_calls_tesla_puts/,Selected404,1,2020-01-01 11:08:10,0,/r/wallstreetbets/comments/eilej0/my_wife_spy_calls_tesla_puts/,Shitpost,0
eilld6,"Withhold taxes all year, it's cheaper than margin.","Ok so here is the strat for 2020. Don't pay your taxes till the very end of the year. Use that money to make plays and then at the end pay your taxes. You will have to pay a penalty for ""Underpayment of Estimated Taxes"" but from what I read online, it's only like 0.5% of what is owed. TDAmeritrade is charging 9.5% for margin. That's a steal if I've ever seen one.

Literally could not go tits up.",https://www.reddit.com/r/wallstreetbets/comments/eilld6/withhold_taxes_all_year_its_cheaper_than_margin/,brocklantern,1,2020-01-01 11:22:38,1,/r/wallstreetbets/comments/eilld6/withhold_taxes_all_year_its_cheaper_than_margin/,NaN,0
eilorf,AIMT Timing,[removed],https://www.reddit.com/r/wallstreetbets/comments/eilorf/aimt_timing/,This-Organization,1,2020-01-01 11:29:37,0,/r/wallstreetbets/comments/eilorf/aimt_timing/,NaN,0
eilpv9,ACB gonna moon boys,"I read that one retard‚Äôs DD and decided to go all in on 1/3 calls at a 2.5 strike for my first option. Of course I should‚Äôve inversed, but I thought I was inverting myself and bought calls instead of puts. 

Looks like this one is going to the moon boys. 

I‚Äôll be collecting my tendies tomorrow when ACB continues to rocket to $3.",https://www.reddit.com/r/wallstreetbets/comments/eilpv9/acb_gonna_moon_boys/,cclifedecisions,1,2020-01-01 11:31:49,1,/r/wallstreetbets/comments/eilpv9/acb_gonna_moon_boys/,NaN,0
eilqxl,AIMT Timing,"So we all know that AR101 is scheduled to be approved ""late January"" and we believe that the FOMO (and the fact that AR101 is going to make a killing) will push the stock price to at least $40.
  
Seems like a significant opportunity.  
  
Is there any resource to determine when, exactly, the announcement will be? There are really attractive options that expire on the 17th that would make a killing but not if the announcement came after that point.

As this seems like as close to a sure thing as it comes, I'm seriously considering the January 17th $35 strike is it would more than double the potential profit. ($1.68 vs $3.55 for the Feb 21 option)

Thoughts?",https://www.reddit.com/r/wallstreetbets/comments/eilqxl/aimt_timing/,DesignerFreedom,1,2020-01-01 11:34:09,19,/r/wallstreetbets/comments/eilqxl/aimt_timing/,NaN,0
eim0fn,How Long Until We See Rivian IPO?,Rivian‚Äôs truck and SUV are going to outsell the ugly Cybertruck 3:1 once they come to market... the real question is how long until we see Rivian go public?,https://www.reddit.com/r/wallstreetbets/comments/eim0fn/how_long_until_we_see_rivian_ipo/,thekillerz99,1,2020-01-01 11:54:09,0,/r/wallstreetbets/comments/eim0fn/how_long_until_we_see_rivian_ipo/,Discussion,0
eim1g2,Real reason Intel why failed to deliver 10nm for so long is because of feminism,"https://www.facebook.com/pg/intelelp/posts/

promoting women and ethnics rather than based purely on merit. 

look at that banner photo, almost 50% are women. no engineering class has 50% women. its obvious most of these women wouldn't end up as new engineers in intel if the criteria was truly merit based

then you see 3 black people in total. what a  joke. 

and there are 5 Asians. ONLY 1 MAN, rest 4 are all women. are you telling me Asian women are better at semiconductor engineering than Asian men? once again, huge gynocentric bias. its almost certain that Asian guy is highly competent because he's subject to the same strict criteria as a ""normal"" white male applicant, while the 4 Asian women are most likely not and chosen because of their gender and being a minority (despite the fact that being an Asian man brings no advantage at all despite being a minority)


&gt;Intel named to the NAFE Top 50 Companies for Executive Women.
The National Association for Female Executives (NAFE) list celebrates U.S. companies that have programs and policies in place that promote the advancement of women, including training, accountability and succession planning. This year marks the 6th time Intel has been recognized on NAFE‚Äôs list of top companies for executive women. 

JFL at the blatant gender discrimination

For those who don't know, Intel has fucked up their CPU roadmap. It's been stuck at 14nm for 5 years and the 10nm process has been delayed again and again. And investors and gamers are not happy about it. 

Their former CEO,  Brian Krzanich, was fired for failing to deliver 10nm. To avoid admitting Intel has screwed up their technology, the official reason for his firing was for him having relationship with a female coworker LOL talking about a fucking hypocrite (he wouldn't be fired for that reason or excuse, if he actually delivered the 10nm). and now a bean counter is the new CEO and been in charge. Under that cuck Brian Krzanich, Intel was focused on identify politics, promoting women and blacks, as well as other PC stuffs such as declaring their CPUs ""conflict minerals free"". 

All the nerds on reddit know Intel's 10nm fuckup, how it stagnated CPU tech by keep releasing 4 core mainstream products for 10 years rather than giving out more cores,  and how it allowed its rival AMD to catch up. None of them know the real reason, they just think its greed. The real reasons are far worse. It's because of cuckoldry, pussy worship, and mangina-ism.",https://www.reddit.com/r/wallstreetbets/comments/eim1g2/real_reason_intel_why_failed_to_deliver_10nm_for/,vntoknt0,1,2020-01-01 11:56:18,91,/r/wallstreetbets/comments/eim1g2/real_reason_intel_why_failed_to_deliver_10nm_for/,NaN,0
eim7za,FCEL Pull and Pray time?,[removed],https://www.reddit.com/r/wallstreetbets/comments/eim7za/fcel_pull_and_pray_time/,TommyTooTsunami,1,2020-01-01 12:09:42,0,/r/wallstreetbets/comments/eim7za/fcel_pull_and_pray_time/,NaN,0
eima2c,"Explain these S options to me, why are the 6-7-8 strikes all up and down in such different directions?",,https://i.redd.it/791zzy5av7841.jpg,Tommiahipp,1,2020-01-01 12:14:05,0,/r/wallstreetbets/comments/eima2c/explain_these_s_options_to_me_why_are_the_678/,NaN,0
eimigb,Please help now please assist,"I just signed up for robinhood and I have 8,500 USD to waste. I have zero fucking clue as to what to do and I have zero experience in investing. Suggestions?",https://www.reddit.com/r/wallstreetbets/comments/eimigb/please_help_now_please_assist/,YaBoy_Milo,1,2020-01-01 12:31:45,6,/r/wallstreetbets/comments/eimigb/please_help_now_please_assist/,Shitpost,0
eimo9e,Top Tech Stocks 2020 under $100,"The tech sector is looking poised for growth in 2020! In this video, I go over my top 5 picks as well some honorable mentions of companies with potential in AI, AR, and VR! 


https://m.youtube.com/watch?v=gGd8V1v_xLo&amp;t=166s",https://www.reddit.com/r/wallstreetbets/comments/eimo9e/top_tech_stocks_2020_under_100/,frameworkfortune,1,2020-01-01 12:43:31,0,/r/wallstreetbets/comments/eimo9e/top_tech_stocks_2020_under_100/,Stocks,0
ein18r,Best stock to take advantage of undervalued commodities?,General consensus is that commodities are way undervalued right now. I've been considering far long calling (2021 calls) a diversified stack of WSO/WEAT/etc. but I'd love to be able to leverage to market as a whole in a single security. Any good ETFs/etc. I could take advantage of things with?,https://www.reddit.com/r/wallstreetbets/comments/ein18r/best_stock_to_take_advantage_of_undervalued/,CharlesStross,1,2020-01-01 13:09:41,14,/r/wallstreetbets/comments/ein18r/best_stock_to_take_advantage_of_undervalued/,NaN,0
ein4nt,"Thanks for the hangover heart attack this morning, E*Trade...",,https://i.redd.it/gk7ipdqf68841.jpg,cdc3298,1,2020-01-01 13:16:38,1,/r/wallstreetbets/comments/ein4nt/thanks_for_the_hangover_heart_attack_this_morning/,Shitpost,0
ein5hs,Pattern Day Trader workaround,"If you trade options in a non margin account, PDT wont apply. Option trades are settle at the end of day  and sdoesnt need margin for settlement.",https://www.reddit.com/r/wallstreetbets/comments/ein5hs/pattern_day_trader_workaround/,Bhere16,1,2020-01-01 13:18:35,42,/r/wallstreetbets/comments/ein5hs/pattern_day_trader_workaround/,NaN,0
einfso,Phase 1 trade deal charity bet,"Tards:

A few days ago, in response to news that the Phase1 trade deal is scheduled to be signed on January 15, I expressed my skepticism by saying, ''$20 says it gets delayed.''

Earlier today, u/Cre8or_1 and I agreed to a $20 bet on this. The loser will donate $20 to a charity of the winner's choice. We figured charities need the money more than we do.

Our only caveat is that we're not posting screenshots of the donation (solely because I don't know how to strip identifying information from photos.) So in our case, we'll take each other's word, but we're both committed to paying up if we lose. 

Our specific bet is that the Phase 1 deal will be signed on or before 15 Jan 2019. u/Cre8or_1 says it will. I say it won't. 

That got us thinking. Why not post this in the main thread and see if anyone else wants to set up a side bet for charity?

If interested, post below which side of the trade deal signing you want, the amount of money you're willing to bet, and any specific conditions (for example, ''on or before...'') The only ask is that all proceeds go to the charities of the winners' choices. Each bet is independent and you're on your own for setting the terms with your own counterparty. 

U/Cre8or_1 and I are on for $20. Feel free to set up your own bets below and let's see how many tendies we can donate to good causes.",https://www.reddit.com/r/wallstreetbets/comments/einfso/phase_1_trade_deal_charity_bet/,1sildurr,1,2020-01-01 13:40:27,23,/r/wallstreetbets/comments/einfso/phase_1_trade_deal_charity_bet/,NaN,0
einh9z,Priced in? China‚Äôs central bank inject $115 billion into the financial system despite signs the economy has been improving.,"...  

The cut announced Wednesday was expected by many economists. They see Beijing as trying to find middle ground between supporting economic growth without resorting to more dramatic steps that could rev the economy further but saddle the country with even more debt.

As a result, China‚Äôs headline growth figures are widely expected to slow further, though at a measured pace. In the first three quarters of 2019, its output grew 6.2 percent compared with a year before. Still, economists take those figures with a deep amount of skepticism because they tend to be smoother and steadier than those issued by other countries, and they usually hit official targets.

The cut is not unusual so early in the year ahead of China‚Äôs Lunar New Year holiday, which begins this year on Jan. 25, and when demand for cash intensifies. The central bank [made a similar cut](https://www.nytimes.com/2019/01/04/business/china-economy-central-bank.html) about a year ago.",https://www.reddit.com/r/wallstreetbets/comments/einh9z/priced_in_chinas_central_bank_inject_115_billion/,laborduck,1,2020-01-01 13:43:32,2,/r/wallstreetbets/comments/einh9z/priced_in_chinas_central_bank_inject_115_billion/,Discussion,0
einjt5,Index funds don‚Äôt run same risk of assignment as stocks?,"Warning: actual useful information 

Studying up on iron butterflies and it just occurred to me that I didn‚Äôt understand the difference between selling options on Stonks and selling options on index funds. 

My question: is there typically lower overall risk of ‚Äúassignment‚Äù (or ‚Äúnot assignment‚Äù) when selling SPX, as opposed to Stonks? Is this free money? 

https://youtu.be/xrCSOh4WEGY?t=219",https://www.reddit.com/r/wallstreetbets/comments/einjt5/index_funds_dont_run_same_risk_of_assignment_as/,OldTrillionaire,1,2020-01-01 13:48:48,7,/r/wallstreetbets/comments/einjt5/index_funds_dont_run_same_risk_of_assignment_as/,Discussion,0
einqmq,"Playing the long game, soon I'll be a millionaire.",,https://imgur.com/a/vMPNmMo,vtsaxforglory,1,2020-01-01 14:02:46,0,/r/wallstreetbets/comments/einqmq/playing_the_long_game_soon_ill_be_a_millionaire/,Gain,0
einrlu,"What Are Your Moves Tomorrow, January 02","[Daily Discussion Thread](https://www.reddit.com/r/wallstreetbets/search?q=flair_name%3A%22Daily%20Thread%22&amp;restrict_sr=1&amp;sort=new) - [DD](https://reddit.com/r/wallstreetbets/search?sort=new&amp;restrict_sr=on&amp;q=flair%3ADD) - [YOLO](https://reddit.com/r/wallstreetbets/search?sort=new&amp;restrict_sr=on&amp;q=flair%3AYOLO) - [Discussion](https://reddit.com/r/wallstreetbets/search?sort=new&amp;restrict_sr=on&amp;q=flair%3ADiscussion)

[Weekly Earnings Discussion Thread](https://www.reddit.com/r/wallstreetbets/search?sort=new&amp;restrict_sr=on&amp;q=flair%3A%22Earnings%20Thread%22)

[WSB Discord Chat](http://discord.gg/wallstreetbets)",https://www.reddit.com/r/wallstreetbets/comments/einrlu/what_are_your_moves_tomorrow_january_02/,AutoModerator,1,2020-01-01 14:04:48,1798,/r/wallstreetbets/comments/einrlu/what_are_your_moves_tomorrow_january_02/,NaN,0
einsgv,Teach me your ways - Shorting Dry Stock Vessels,"I'm pretty new to investing, so obviously my only experience is 2-3 weeks on Robinhood and WSB.  I want to Short dry stock vessels due to the new regulations coming through that will increase maritime shipping cost because many ships will require major upgrades.  I read an article somewhere.",https://www.reddit.com/r/wallstreetbets/comments/einsgv/teach_me_your_ways_shorting_dry_stock_vessels/,tulsagrowguy,1,2020-01-01 14:06:28,6,/r/wallstreetbets/comments/einsgv/teach_me_your_ways_shorting_dry_stock_vessels/,NaN,0
einvbk,Advanced portfolio funding strategy,"Hope everyone had a good New Year‚Äôs, now let‚Äôs get down to business. 

Do you want more money in your Robinhood account to make more autistic trades than ever before? Are you sick of Chad and Tyrone pumping your wife and not even having the decency to send you a Christmas card?

Stop being a pushover, and start getting paid. While you‚Äôre out working and your wife‚Äôs tasting wine, doing yoga, and fucking the local plumber, instead of feeling down on yourself, you could be raking in the tendies.

There‚Äôs a ton of cucks like you out there who pay top dollar to see other people‚Äôs wive‚Äôs get fucked as they try to cope by flinging themselves harder into their jobs for more cash. This is where you come in.

You log into Amazon and buy yourself some discrete hidden cameras and install them in your bedroom. Then, when 4 dudes come over and pound your wife on a Tuesday afternoon, you live stream that shit on Pornhub live, then before you know it, tendies are raining down from the Cuckosphere. But you don‚Äôt cash that shit out, no, you put that straight into your Robinhood account, and yolo on SPY calls until you‚Äôve acquired enough wealth to buy a mansion in Tahiti and can finally tell Becky to fuck off. 

I hope this helps. It‚Äôs a new year, and we can all be better. God speed.",https://www.reddit.com/r/wallstreetbets/comments/einvbk/advanced_portfolio_funding_strategy/,69SluttyPoptarts,1,2020-01-01 14:12:17,8,/r/wallstreetbets/comments/einvbk/advanced_portfolio_funding_strategy/,Discussion,0
einwh5,Literally Free Money,Im new to this stonks shit but stonks literally only go up. Just look at the s&amp;p for the past 10 years. My problem with all of this is why dont people just keep buying long dated vertical call spreads on spy. Its literally free money and you could be a millionaire in a couple years. I think I broke the system guys.,https://www.reddit.com/r/wallstreetbets/comments/einwh5/literally_free_money/,InKanosWeTrust,1,2020-01-01 14:14:35,17,/r/wallstreetbets/comments/einwh5/literally_free_money/,NaN,0
einx0a,PSN Parsons Company,Up 30% or so in last 3 months. In for 300 shares at 40. They work in my industry and have been expanding every week getting bigger and bigger every time I see them. Can‚Äôt go into it too much but I see serious growth opportunity and no one is talking about them. Thots?,https://www.reddit.com/r/wallstreetbets/comments/einx0a/psn_parsons_company/,LongtermSquirrelish,1,2020-01-01 14:15:40,9,/r/wallstreetbets/comments/einx0a/psn_parsons_company/,DD,0
einz9m,Markets are on the cusp of a correction and there's opportunity for mega tendies in the next month,"I was going to tag this as technical, but since this sub ~~misunderstands~~ hates magic lines I'll avoid posting pretty pictures.

I'm 110% certain we rally to test 3300 S&amp;P (give or take) quickly in January, likely the first 1/3 of the month. This will be followed by a correction into the latter half of the month and likely into February (depending on how January finishes).

The rally will happen quickly, and the tendies can be made each way, so hold onto your butts people. But the üêª gang will prevail at the end of the month, so don't forget to buy OTM puts for the mega tendies.

Strip me of my flair and ban me if I'm wrong. That is all.",https://www.reddit.com/r/wallstreetbets/comments/einz9m/markets_are_on_the_cusp_of_a_correction_and/,OptionRunners,1,2020-01-01 14:20:32,240,/r/wallstreetbets/comments/einz9m/markets_are_on_the_cusp_of_a_correction_and/,NaN,0
einzb0,I wannabe make money be rich,Let me be rich please I need fucking money make me rich please I'm gonna pray to the God of stocks hope I am rich before 2025 because all else all fuck my fucking shit up God damn fuck just tell me what to put all my money in stonkmaster,https://www.reddit.com/r/wallstreetbets/comments/einzb0/i_wannabe_make_money_be_rich/,Eldsjal,1,2020-01-01 14:20:37,12,/r/wallstreetbets/comments/einzb0/i_wannabe_make_money_be_rich/,NaN,0
eio01g,Financial History,,https://i.redd.it/ae1otc82i8841.png,SomeGuyInDeutschland,1,2020-01-01 14:22:10,0,/r/wallstreetbets/comments/eio01g/financial_history/,Meme,0
eio1hu,With possible aimt and epzm fda approval coming up what are yall thoughts on it?,,https://i.redd.it/9vxfswepi8841.jpg,tombomassasin,1,2020-01-01 14:25:23,0,/r/wallstreetbets/comments/eio1hu/with_possible_aimt_and_epzm_fda_approval_coming/,NaN,0
eio4c2,STOCK SALE,"In celebration of the New Year, all stocks and ETF's are NOW 20% OFF! DON'T MISS OUT ON THIS GREAT DEAL!",https://www.reddit.com/r/wallstreetbets/comments/eio4c2/stock_sale/,RYNO7965,1,2020-01-01 14:31:27,1,/r/wallstreetbets/comments/eio4c2/stock_sale/,NaN,0
eio7dn,"Day Trading, how I lost it all.","The year is 2017, my parents had a successful real estate business with over a dozen rental properties and several fix and flip projects in production. Our assets totaled a million and a half after paying off all loans if we ever liquidated everything. Which we did, and that‚Äôs just the tip of the iceberg.

My oldest brother made the brilliant decision that because he lost his job, he should start day trading. He quickly made $30k on Apple by yoloing his saving in shares before an Apple products release event. Excited by this, he made an entire PowerPoint presentation convincing the family to get into day trading. We were reluctant at first, and I wish it stayed that way.

In the background he worked with my parents in setting up a family company and opening trading accounts and buying courses. Keep in mind my parents will do anything he says, completely wrapped around his finger. During this time I was getting into the house flipping business in full swing. Working on my parents properties and going to auctions for future projects. I had already set up in my mind that I was going to be a real estate investor because it was the only work I actually enjoyed doing, my parents were very profitable, and even after the 2008 housing market crash, when we lost everything, they were able to bounce back.
Then one day everything stopped, my parents stopped working real estate and with no capital of my own I couldn‚Äôt continue doing it myself. 

They liquidated most of their assets and set up trading accounts with TD. They tried setting up weekly quotas and profit targets, which looking back, were really unrealistic. We needed 20k per month and sometimes more to cover loans from the very last rentals that hadn‚Äôt sold just yet. So naturally while they were on the market the quota for the month was 20k...for inexperienced day traders. It dawned on me that money is easy to make every month when a tenant gives it to you rather than we ourselves have to endure risk to make it, but my parents didn‚Äôt listen to me, it had to be my brothers way.

You can probably guess what happened. Loss after loss made our account grow smaller and smaller; and the smaller it got the more we had to risk to make bigger profits. Which only happened once where I made nearly 50k trading Netflix on its highest volume day in 2018. That quickly gotten absorbed by bills. But. By 2018 we were already down some 200k and our bills had been quickly eating up our saving. All the way to the point we starting taking loans just cover expenses and continue trading. Then one day I lost 80k on netflix when it‚Äôs earnings made it drop nearly a hundred dollars. If it went up well I‚Äôd be into real estate again. I nearly had a heart attack and stayed in bed for I don‚Äôt even know how long. If it weren‚Äôt for my girlfriend I think I might have killed myself.

We were forced to live in our last property for a few months before selling it to avoid foreclosure and then my entire family moved into a 1 bedroom apartment my brother still had in Pasadena. Which is an urban city so the rent was 3k. Which was nearly impossible to pay. We did Uber Eats deliveries every single day to just try to make enough money to eat and did some trading with money we borrowed from our extended family. All of our credit scores were shot and there was nothing left to borrow on. Then we sold our very last property and made 100k on the sale. Which we lost.

Nearly all of our losses were on options, and they were a direct result of our trading strategy, which was laughable. They set guidelines for the option expiration, loss tolerance, and investment amount(no swing trading). Which hey sounds great why not. Except that when our expenses were so great, the low risk meant we were burning more than we were making, the stress made me make some good and bad trades in an attempt to save my family from ruin. On some trades I would have made literal hundreds of thousands if my parents and older brother didn‚Äôt force sell my positions because they couldn‚Äôt stomach swing a loss(16k in HD $215 strike bought at $201 and it reached $215 a day before expiration which would have been a $170k profit because instead was forced to be a $2k loss). It really kills your heart to see how much money you could have made, not because you took profits too early, because no one believed you and took a loss on your behalf.

With no more options we packed up and moved to Maryland were my older brother got a 100k plus job coding websites. Things were good for a while and with no rush to cover rent or bills I was actually able to grow a small account from 4K to 17k. All good things must come to end sadly. He developed MS because of the stress of losing hundreds of thousands in a few years and his relationship was failing as well. These things affected his ability to learn new programing languages or work efficiently so his job fired him. Then it was up to me to make enough to cover the expenses and slowly I saw the account cannibalized to 0. They blame me almost exclusively for losing all the money by the way.

We moved back to California being forced to stay within the same apartment complex company because no where else will accept us. Now my brother is suicidal, he‚Äôs also diabetic and he‚Äôs tried killing himself by overdosing on insulin. His hope is at 0. I‚Äôve matured more than any young adult should have from this ordeal so I feel like I can keep going. But moral is low. My parents work nearly 14 hours a day driving for Uber eats. I can‚Äôt really help because I had my ankle fused back in July. My other brother doesn‚Äôt live with us anymore because of all the chaos that happened. My parents have real estate licenses and they are trying really hard to find clients. I wish there was more I can do. I learned I should have fought more for our family to continue real estate investing. Nothing made us happier than flipping houses. If I had the opportunity to flip a house I‚Äôm sure we could jumpstart that career with my parents‚Äô experience. I‚Äôm not against trading even after losing everything, sadly it took that much for me to do it half decently. I‚Äôm sticking to vertical spreads on etfs and precious metals, which brings in some profits every few weeks but not enough to make living. Sometimes I‚Äôll use around $50 on near expiration out of the money calls of puts to try to get lucky. Sometimes the temptation to let my whole account ride on naked options is strong. Not because I want to be rich, but because I just want my parents to stop working so hard in something they don‚Äôt even enjoy doing at their age. I wanted to share my story because I saw how some of you guys shared similar experiences, and some of you were the exceptions that won in the end. Invest in real estate, it‚Äôs profitable if you work with someone who has experience and the market hasn‚Äôt tanked. I‚Äôm going to Texas in a few days to propose to my girlfriend and bring her back to California. If she says yes it‚Äôll be the highlight of my life.

TLDR; Stocks bad, Real Estate good",https://www.reddit.com/r/wallstreetbets/comments/eio7dn/day_trading_how_i_lost_it_all/,jeweled_sky,1,2020-01-01 14:37:46,643,/r/wallstreetbets/comments/eio7dn/day_trading_how_i_lost_it_all/,Storytime,0
eio958,Is Robinhood a good platform for buying small amounts of stock for kids,"Looking for a simple online option to buy small dollar amounts of stocks on a regular basis.   

Meaning rather than putting change in a drawer want to put 1, 5,10, $ into a portfolio for a small child.

Can I buy a fraction of a share via Robinhood?

Child is a friends son.    Would rather do this than buy small gifts over time.",https://www.reddit.com/r/wallstreetbets/comments/eio958/is_robinhood_a_good_platform_for_buying_small/,blakeusa25,1,2020-01-01 14:41:30,10,/r/wallstreetbets/comments/eio958/is_robinhood_a_good_platform_for_buying_small/,Discussion,0
eiogf6,Shitpost Long $LULU $BECKY,,https://imgur.com/lNrQdzD,nemo1080,1,2020-01-01 14:56:48,0,/r/wallstreetbets/comments/eiogf6/shitpost_long_lulu_becky/,NaN,0
eiogub,Long $BECKY 2020,,https://imgur.com/kmfYckX,nemo1080,1,2020-01-01 14:57:44,0,/r/wallstreetbets/comments/eiogub/long_becky_2020/,NaN,0
eiojmk,AIMT Discussion,I want to hear negative opinions and why this isn‚Äôt going to be approved. Surely everyone can‚Äôt believe this is such a lock of a play.,https://www.reddit.com/r/wallstreetbets/comments/eiojmk/aimt_discussion/,Tiger_Backwoods,1,2020-01-01 15:03:20,34,/r/wallstreetbets/comments/eiojmk/aimt_discussion/,Discussion,0
eiold6,Barstool knows best. Buying $LULU puts,,https://i.redd.it/oo37ig54q8841.jpg,wooooooooooooosssshh,1,2020-01-01 15:06:55,0,/r/wallstreetbets/comments/eiold6/barstool_knows_best_buying_lulu_puts/,Shitpost,0
eioo45,"New year, new baseline, new records. We can only go up!, to the moon!",[removed],https://www.reddit.com/r/wallstreetbets/comments/eioo45/new_year_new_baseline_new_records_we_can_only_go/,regcha,1,2020-01-01 15:12:46,0,/r/wallstreetbets/comments/eioo45/new_year_new_baseline_new_records_we_can_only_go/,Shitpost,0
eiop2z,DD on pot stocks,"First day of legal weed in Illinois, passed by a store on lunchtime and saw a line span a block and a half, get‚Äôcha calls now.",https://www.reddit.com/r/wallstreetbets/comments/eiop2z/dd_on_pot_stocks/,Black_Ink,1,2020-01-01 15:15:00,20,/r/wallstreetbets/comments/eiop2z/dd_on_pot_stocks/,NaN,0
eiop5s,"Exclusive: Airbus beats goal with 863 jet deliveries in 2019, ousts Boeing from top spot",AIR calls at open?,https://www.reddit.com/r/wallstreetbets/comments/eiop5s/exclusive_airbus_beats_goal_with_863_jet/,jojobarnhill,1,2020-01-01 15:15:14,0,/r/wallstreetbets/comments/eiop5s/exclusive_airbus_beats_goal_with_863_jet/,Shitpost,0
eioqkv,"Exclusive: Airbus beats goal with 863 jet deliveries in 2019, ousts Boeing from top spot","AIR calls at open? Boeing has been shittin piss for a while now &amp; AIR beating them out is just the cherry on top of their shit sandwich. 
All in on AIR calls",https://www.reddit.com/r/wallstreetbets/comments/eioqkv/exclusive_airbus_beats_goal_with_863_jet/,jojobarnhill,1,2020-01-01 15:19:13,9,/r/wallstreetbets/comments/eioqkv/exclusive_airbus_beats_goal_with_863_jet/,NaN,0
eioqzp,The illusive yet undeniable Bullish FD ETF.,,https://imgur.com/gallery/nPipTex?s=sms,Stockbaron,1,2020-01-01 15:20:22,0,/r/wallstreetbets/comments/eioqzp/the_illusive_yet_undeniable_bullish_fd_etf/,NaN,0
eiotmh,The slight hump up is when I discovered options,,https://i.redd.it/raduylwst8841.png,crap_muffin69,1,2020-01-01 15:27:35,0,/r/wallstreetbets/comments/eiotmh/the_slight_hump_up_is_when_i_discovered_options/,NaN,0
eip6af,How many of you tism's are doing the UPRO/TMF mix?,"I saw an older thread on it, curious who is still doing it? How have your returns been so far? Planning on doing a 55/45 mix with $10-20k at most just for the lulz.",https://www.reddit.com/r/wallstreetbets/comments/eip6af/how_many_of_you_tisms_are_doing_the_uprotmf_mix/,phoq5,1,2020-01-01 15:55:13,40,/r/wallstreetbets/comments/eip6af/how_many_of_you_tisms_are_doing_the_uprotmf_mix/,NaN,0
eip6bx,New strat literally can't go tits up,"I was just browsing the daily discussion thread for tomorrow trying to figure out my first play of the new year and I saw you could sort the comments by ""best."" Naturally, I am going to trust reddit's algorithm, and it looks like tomorrow's move is NIO calls! To the moon boys...",https://www.reddit.com/r/wallstreetbets/comments/eip6bx/new_strat_literally_cant_go_tits_up/,Claffey1,1,2020-01-01 15:55:20,3,/r/wallstreetbets/comments/eip6bx/new_strat_literally_cant_go_tits_up/,Shitpost,0
eip6h3,2019 was a good year!,,https://imgur.com/a/Y95CZt6,helloworldwhile,1,2020-01-01 15:55:39,0,/r/wallstreetbets/comments/eip6h3/2019_was_a_good_year/,Gain,0
eipbbd,New Years Challenge: 5K Make-it or Break-it,"Alright WSB,

So I recently came into about 5k due to some nice work stuff. I have very, very little knowledge of investments but I want to do something with it and thought I'd make it a fun game.

Please tell me where these dollars should go. Whatever suggestion, no matter how crazy, I'll consider.  Whichever comment gets the most upvotes is what I'll do. To that person: I'll give you half of whatever I make at the end of January. If we strike big, we strike big together. If it's a bust, it's all your fault and how dare you.

Let's start this year off right with some dumb gambles!",https://www.reddit.com/r/wallstreetbets/comments/eipbbd/new_years_challenge_5k_makeit_or_breakit/,DrSecret007,1,2020-01-01 16:05:40,106,/r/wallstreetbets/comments/eipbbd/new_years_challenge_5k_makeit_or_breakit/,YOLO,0
eipbic,CHWY to the moon!,,https://i.redd.it/x08h28sn09841.jpg,Hobbstc,1,2020-01-01 16:06:01,0,/r/wallstreetbets/comments/eipbic/chwy_to_the_moon/,Fundamentals,0
eipkeg,"Change my mind: Nothing is priced in, Stock market will always go up... Eventually...","Disclaimer: I'm a real estate investor, know nothing of stocks, but made 6% the few months I've been investing in stocks so there's that.

Re: Nothing priced in

I see this a lot, but it assumes everyone knows about a coming announcement which is impossible. People will always hear about an announcement the day of and \[jump on it\]([https://www.youtube.com/watch?v=vQObWW06VAM](https://www.youtube.com/watch?v=vQObWW06VAM)). Show me an example where a company gave a positive announcement and the stock went down same day? 

Re: Stocks will always go up

So, coming at the stock market from a real estate point of view. People will always need a place to live, short of there suddenly being less people in the US there will always be a market, always more consumption and a means to profit. Since on average according to this website

[https://datacenter.kidscount.org/data/tables/99-total-population-by-child-and-adult-populations#detailed/1/any/false/37,871,870,573,869,36,868,867,133,38/39,40,41/416,417](https://datacenter.kidscount.org/data/tables/99-total-population-by-child-and-adult-populations#detailed/1/any/false/37,871,870,573,869,36,868,867,133,38/39,40,41/416,417)

Two - three million people a year become adults. That's two or three more million people needing places to live or in this case 2-3 more million a year starting to invest. (I realize not all 18 year olds start investing... I'm not smart enough to give actual statics numbers so don't get all technical with me. Between 18-100 in one of those years people will move out of their parents or decide to start investing in their future... Point is population goes up, people don't stop \[fucking\]([https://www.youtube.com/watch?v=rvdYly4A5W0](https://www.youtube.com/watch?v=rvdYly4A5W0))).

That said if there is always going to be more and more people buying into the stock market how can it go down? Sure news cycles can cause small dips here and there, but a full blown crash nah. Will people sell to take profits sure, can companies go bankrupt sure. What won't happen though is an event where people stop consuming all together.

I could ramble on but I know you autist will see the wall of text and run away.

\[#Staybearishmyfriends #calls4life\]([https://www.youtube.com/watch?v=f7mD2X8Yhak](https://www.youtube.com/watch?v=f7mD2X8Yhak))",https://www.reddit.com/r/wallstreetbets/comments/eipkeg/change_my_mind_nothing_is_priced_in_stock_market/,Amarin88,1,2020-01-01 16:24:34,24,/r/wallstreetbets/comments/eipkeg/change_my_mind_nothing_is_priced_in_stock_market/,Shitpost,0
eipn7c,I will remember,"$MU

Will you remember $MU

Don't let your life pass you by 

And weep not fooor lost tendies",https://www.reddit.com/r/wallstreetbets/comments/eipn7c/i_will_remember/,IpMedia,1,2020-01-01 16:30:47,5,/r/wallstreetbets/comments/eipn7c/i_will_remember/,NaN,0
eipusd,"If you thought your 2019 was bad, at least you aren't Daily Discussion guy's friend",,https://i.imgflip.com/3kywdh.jpg,bd_one,1,2020-01-01 16:47:09,1,/r/wallstreetbets/comments/eipusd/if_you_thought_your_2019_was_bad_at_least_you/,NaN,0
eipw3g,Buy INTU - DD,"https://www.schaeffersresearch.com/content/analysis/2019/12/31/intu-options-traders-positioned-for-upside

This on Google.  Buy buy buy.",https://www.reddit.com/r/wallstreetbets/comments/eipw3g/buy_intu_dd/,unclerudy,1,2020-01-01 16:50:05,5,/r/wallstreetbets/comments/eipw3g/buy_intu_dd/,NaN,0
eipxm4,i wanna buy a call but i don't want to bet too much,hey guys i wanna buy an apple $300 call but i only want to bet like $100. can i do this thanks,https://www.reddit.com/r/wallstreetbets/comments/eipxm4/i_wanna_buy_a_call_but_i_dont_want_to_bet_too_much/,papayaguy12,1,2020-01-01 16:53:28,23,/r/wallstreetbets/comments/eipxm4/i_wanna_buy_a_call_but_i_dont_want_to_bet_too_much/,Discussion,0
eipxnr,Good time to get on $BLUE,"It's the beginning of the year and things are looking good for gene therapy overall.

Especially good for bluebird bio. They have an affordable price plan for life threatening diseases and had an early success in Europe. FDA also said they would be approving "" between 10 and 20 gene and cell therapies per year by 2025. "" 

&amp;#x200B;

&amp;#x200B;

Over the 5 days, $BLUE hit its 52-wk high of $95 and fell back down to 87.75 which makes it a good entry-point for you autists.

To add on top of this, there are going to be TWO presentations just this month

&gt;Goldman Sachs 12th Annual Healthcare CEOs Unscripted: A View  from the Top, Thursday, January 9, at 2:00 p.m. ET at the Goldman Sachs  Offices, New York City   
&gt;  
&gt;38th Annual J.P. Morgan Healthcare Conference, Tuesday,  January 14, at 3:00 p.m. PT at the Westin St. Francis Hotel, San  Francisco, followed by a question and answer breakout session at 3:30  p.m. 

If you want to play risky, go for Jan 17 $100 calls but if you wanna play safe go with May 15th $120.",https://www.reddit.com/r/wallstreetbets/comments/eipxnr/good_time_to_get_on_blue/,op9468,1,2020-01-01 16:53:34,19,/r/wallstreetbets/comments/eipxnr/good_time_to_get_on_blue/,DD,0
eiq1os,"There should be no income tax, but much higher sales tax on goods in the United States.","The thing is, goods should cost more and people should be saving more. You shouldn't complain that non-essential items are more expensive. I will explain to you the long-term benefits which vastly outweigh the inconvenience of non-essential goods costing more and the current system in the US as well as many culturally similar consumer economies.

If you take my income only when I spend, I am essentially funding with consumerism. The benefit to me is that I get to consume more, and smarter. I have more personal capital as a result of not being taxed on income.

This is also simpler, putting behavioral economics aside. Taxing sales of goods means we have more control over our spending, and more autonomy.

Behaviorally, people would complain about their Starbucks and video games costing like 25% more, but you're stupid and greedy to complain about this. These are not only things you don't need, but it will result in better innovation and commitment from these products and companies. Your games will be better, because they worked harder to make something you'd actually pay the tax on. Your coffee will be sourced more ethically than ever because the sale of it directly goes to the state and federal government making it a political conflict or proxy war otherwise. Why would that change things? Because the feds would just pressure companies to find more ethical processes. It's not even our incompetent government's obligation beyond nagging Starbucks to stop using cheap Ecuadorian child labor.

Now how does this change your life? Well, you have more money now. You can save more, and you're economically obligated to because spending is potentially much more significant for basic luxury items.

Speaking of which, luxury goods would skyrocket. If you have a lot of money but taxes on purchases were huge, you'd think twice about what you'd buy and probably save up for the best headphones, car, etc. whatever. Thus everyone is going to be rolling around with brand new Lexus SUVs and Tesla Roasters. Why not? It makes sense to now. Likewise, economy vehicles would still thrive and --

Wait, how good does it sound to be a company in the nation that doesn't tax the income of their citizens? Everyone is a potential customer now. Everyone has some liquidity, you know it and you can feel it in this beautiful nation.

Now you may be looking at it another way if you're a grocery store or a business that provides essential human needs (utility, communications, news). That's fine, what we would need to do is track prepared vs. unprepared food goods. This way, we tax things like microwave dinners, but not the ingredients needed to make a similar meal. You're also spending way less money on food now for behavioral reasons and pricing reasons.

The government loves this. Why? They have tremendous negotiating power regarding tariffs. They don't need tariffs. They've taxed us already on what we choose to buy. This is an enormous deal. Why?

Not only does this mean we can put a price on the interest of goods on a fundamental operating basis which means no bad deals, we have the data and the transparency to know how much we need your oil, your chemicals, your metals, corn, pork, etc. so we can't be suckered into crazy prices and then?

We have tariffs anyway and take them out of deals for people we really like, such as South Korea or Japan. You do something we don't like? Unexpected tariffs. Why not? You're going to complain while the rest of the world's economies have you at 10%? We'll bump it to 2 or 4%, nothing crazy. Just enough to make them shit their pants when our policy advisors make it official on TV.

It incentivizes employment like nothing else. You get the money you worked for. It goes into your pocket, no one else's. The rest is up to you. The consumer empowerment is absurd.

The banks would love it. Lending would be at all time highs with probably similar interest rates as what we have today. They would probably also charge more for a checking account though.

That brings me to the one negative: When companies know you have money, they do everything in their power to take it out of your pocket and put it into theirs. That's their number one goal. We think we have a lot of subscription services today? It would be subscriptions for literally everything. You'd have to buy a subscription just to order pizza once. It would be subscription mayhem.

Counterpoint to that: People might demand the freedom away from subscriptions (probably not, especially with the lack of spending discipline today) because if we felt empowered by a lack of taxes, we might see subscriptions as an evil to consumers.

I think we can all agree though:

1. It's simpler than how we operate today, funding things by arbitrarily taking a portion of our income.
2. It would actually result in more taxes to the benefit of the nation, but feel like less because we are also satisfying emotional needs while we're taxed. We all spend more than we are taxed or there would be riots. Now we're taxed for what we spend creating surplus.
3. Surplus has the opportunity to unite people as we no longer argue over healthcare and education policy because we are taxed effectively with plenty of money to go to schools and hospitals, and reduce insurance costs.
4. It would encourage healthier eating due to not having tax on unprepared food. Healthier eating = less health care costs nationally.
5. You'd feel rich as hell if you got to keep every dollar you worked for.
6. We'd entice hardworking immigrants from around the world who genuinely want to make a good life for themselves by learning a trade and earning a wage. This is always a good thing and helps us maintain our status as a global innovator.",https://www.reddit.com/r/wallstreetbets/comments/eiq1os/there_should_be_no_income_tax_but_much_higher/,UnhandledPromise,1,2020-01-01 17:02:27,33,/r/wallstreetbets/comments/eiq1os/there_should_be_no_income_tax_but_much_higher/,Shitpost,0
eiq6a5,Do Any Of The Dumbasses That Lost Huge On The RH Leverage Exploit Wanna Give Us An Update?,I'm honestly curious if you fuckos are still around or if the FBI has come for your asses yet.,https://www.reddit.com/r/wallstreetbets/comments/eiq6a5/do_any_of_the_dumbasses_that_lost_huge_on_the_rh/,wired2trade,1,2020-01-01 17:13:05,82,/r/wallstreetbets/comments/eiq6a5/do_any_of_the_dumbasses_that_lost_huge_on_the_rh/,Discussion,0
eiqb6f,Anyone follow $MSCI for index??,"I know most people aren‚Äôt looking to park money in index. Option chain is terrible with little liquidity but check out the charts..
Not bad for RSP?? Thoughts??",https://www.reddit.com/r/wallstreetbets/comments/eiqb6f/anyone_follow_msci_for_index/,RoadhouseSwayz3,1,2020-01-01 17:24:22,14,/r/wallstreetbets/comments/eiqb6f/anyone_follow_msci_for_index/,NaN,0
eiqing,It's been an incredible one month. Thank you WSB!,,https://i.redd.it/gi3baaxeh9841.jpg,xxx_trojanwormdotexe,1,2020-01-01 17:39:56,0,/r/wallstreetbets/comments/eiqing/its_been_an_incredible_one_month_thank_you_wsb/,Loss,0
eiqp1v,Making Poor Life Decisions,[removed],https://www.reddit.com/r/wallstreetbets/comments/eiqp1v/making_poor_life_decisions/,rock_hardDollar,1,2020-01-01 17:54:13,0,/r/wallstreetbets/comments/eiqp1v/making_poor_life_decisions/,Storytime,0
eiqrtn,How do I buy USA options from Europe?,[removed],https://www.reddit.com/r/wallstreetbets/comments/eiqrtn/how_do_i_buy_usa_options_from_europe/,CIARRAPUNGI,1,2020-01-01 18:00:36,0,/r/wallstreetbets/comments/eiqrtn/how_do_i_buy_usa_options_from_europe/,Discussion,0
eiqv2i,Can you consider yourself a trader if you aren‚Äôt profitable?, A bunch of fucking noobs call themselves traders but is that really justified?,https://www.reddit.com/r/wallstreetbets/comments/eiqv2i/can_you_consider_yourself_a_trader_if_you_arent/,eltoroloco2001,1,2020-01-01 18:07:38,18,/r/wallstreetbets/comments/eiqv2i/can_you_consider_yourself_a_trader_if_you_arent/,NaN,0
eiqvbx,What a terrible way to spend money and time. Can anyone explain why the y-axis is only 8.00? Pretty sure I had this baby up to 75k before the trend downwards. You‚Äôll notice the lack of dividend as everything is always option‚Äôd,,https://i.redd.it/p8ih3fogm9841.jpg,RoadhouseSwayz3,1,2020-01-01 18:08:14,0,/r/wallstreetbets/comments/eiqvbx/what_a_terrible_way_to_spend_money_and_time_can/,Shitpost,0
eiqwv2,I need your help. Serious Post,"So basically when I ask r/ investing a serious question the smart ass fuck heads just tell me terms that make even less sense than explaining it in simple terms. i don‚Äôt blame them they are retarded...

Now my FUCKing question is what the FUCK is theta? On FUCKing robinhood it says -.21 does this FUCKing number stay constant throughout the period I hold onto the option contract or does it FUCKing decrease (-.21 to -.31) as it gets closer to maturity? someone please FUCKing help me I am FUCKing ReTaRdeD !!

TLDR: 
GUH0NFIVE
1 2 3 4 GUH",https://www.reddit.com/r/wallstreetbets/comments/eiqwv2/i_need_your_help_serious_post/,hendrix878,1,2020-01-01 18:11:42,30,/r/wallstreetbets/comments/eiqwv2/i_need_your_help_serious_post/,Shitpost,0
eiqx3e,What are your investing related new year's resolution for 2020?,[removed],https://www.reddit.com/r/wallstreetbets/comments/eiqx3e/what_are_your_investing_related_new_years/,Yangnyum009,1,2020-01-01 18:12:14,0,/r/wallstreetbets/comments/eiqx3e/what_are_your_investing_related_new_years/,NaN,0
eir0n3,$NIO in HKG,,https://i.redd.it/vwjltzbdo9841.jpg,OddSalary,1,2020-01-01 18:20:19,0,/r/wallstreetbets/comments/eir0n3/nio_in_hkg/,Shitpost,0
eir262,Why did all the stocks stay the same today?,So i noticed on robinhood that there's snowflakes now and all of the stocks I invested are still at the same price they were yesterday. Did this happen to anyone else? I emailed robinhood and they just said I was retarded. I'm thinking it could have to do with the china trade deal tweet or something.,https://www.reddit.com/r/wallstreetbets/comments/eir262/why_did_all_the_stocks_stay_the_same_today/,GoodAPStudent,1,2020-01-01 18:23:40,10,/r/wallstreetbets/comments/eir262/why_did_all_the_stocks_stay_the_same_today/,Shitpost,0
eir5xl,"On a scale of -5 to ""I Am Sam"", how retarded / redundant is this?","Let's say, by some freak of nature, SPY is going up.  Buy ITM Spy calls for \~40 days out.  Buy ITM UVXY puts for \~2 weeks out, which will be sold quickerly than that, and new ones picked up.  I can't figure out whether it would make more sense to just go with SPY, or just go with UVXY, and why.  I'd probably figure this out on my own, but I keep getting distracted by",https://www.reddit.com/r/wallstreetbets/comments/eir5xl/on_a_scale_of_5_to_i_am_sam_how_retarded/,learningoptions,1,2020-01-01 18:32:01,15,/r/wallstreetbets/comments/eir5xl/on_a_scale_of_5_to_i_am_sam_how_retarded/,Options,0
eir68c,Wanna quit your job and drive a navy blue Chevy Lumina?,"Can‚Äôt stand Bentleys, they cost too much 

LEG 

options

February 21 exp (month after January)

$45 puts

I‚Äôm Bobby Boulders 

Buy as much as you can afford, then buy more.  Just taste the soup...Where‚Äôs the spoon?

You‚Äôll make 10x.  I hate you and only you.  

3 for 3.",https://www.reddit.com/r/wallstreetbets/comments/eir68c/wanna_quit_your_job_and_drive_a_navy_blue_chevy/,socratesyear,1,2020-01-01 18:32:33,104,/r/wallstreetbets/comments/eir68c/wanna_quit_your_job_and_drive_a_navy_blue_chevy/,Fundamentals,0
eirli8,I want to learn,[removed],https://www.reddit.com/r/wallstreetbets/comments/eirli8/i_want_to_learn/,Dondior,1,2020-01-01 19:07:06,0,/r/wallstreetbets/comments/eirli8/i_want_to_learn/,Discussion,0
eiro4f,I think I‚Äôve found a secret,[removed],https://www.reddit.com/r/wallstreetbets/comments/eiro4f/i_think_ive_found_a_secret/,HonestCondition8,1,2020-01-01 19:13:01,0,/r/wallstreetbets/comments/eiro4f/i_think_ive_found_a_secret/,NaN,0
eirr7y,Trending down to nothing. Thanks for all the help team! Not sure why the y-axis is topped at 8.0.. had this at 75k once upon a time...,,https://i.redd.it/c3mex3x8z9841.jpg,RoadhouseSwayz3,1,2020-01-01 19:19:53,0,/r/wallstreetbets/comments/eirr7y/trending_down_to_nothing_thanks_for_all_the_help/,Shitpost,0
eiruld,Orange Man bans E-Cigarette flavors except tobacco and menthol flavor, [https://www.wsj.com/articles/fda-to-ban-all-e-cigarette-pod-flavors-except-tobacco-and-menthol-11577833093](https://www.wsj.com/articles/fda-to-ban-all-e-cigarette-pod-flavors-except-tobacco-and-menthol-11577833093),https://www.reddit.com/r/wallstreetbets/comments/eiruld/orange_man_bans_ecigarette_flavors_except_tobacco/,thehandsoap,1,2020-01-01 19:27:21,2,/r/wallstreetbets/comments/eiruld/orange_man_bans_ecigarette_flavors_except_tobacco/,YOLO,0
eirvzj,There won't be a bear market anytime soon,"The Great Crash of Wall Street was in 1929. We are in the roaring twenties again, which means the markets will keep going up, and new age jazz and fedoras will reign supreme. 2029 will be the 100th anniversary, and the algos will tank the market, which means the market can't crash before 2029. That is all, continue buying spy puts you sweaty bears.",https://www.reddit.com/r/wallstreetbets/comments/eirvzj/there_wont_be_a_bear_market_anytime_soon/,megamuhknee,1,2020-01-01 19:30:24,53,/r/wallstreetbets/comments/eirvzj/there_wont_be_a_bear_market_anytime_soon/,DD,0
eirz4f,orange man bans e-cig fruity flavors," [https://www.wsj.com/articles/fda-to-ban-all-e-cigarette-pod-flavors-except-tobacco-and-menthol-11577833093](https://www.wsj.com/articles/fda-to-ban-all-e-cigarette-pod-flavors-except-tobacco-and-menthol-11577833093) 

The orange man has banned stupid fruity mist. Altria (MO) is a holding company that engages in manufacturing of vaping products. It's time to YOLO all our money by buying puts. Let's go!

[OH YEAH!](https://preview.redd.it/gw2uc4mu0a841.png?width=640&amp;format=png&amp;auto=webp&amp;s=8cd305b2a01ab36d60beedff8155def5c5599b52)",https://www.reddit.com/r/wallstreetbets/comments/eirz4f/orange_man_bans_ecig_fruity_flavors/,thehandsoap,1,2020-01-01 19:37:28,21,/r/wallstreetbets/comments/eirz4f/orange_man_bans_ecig_fruity_flavors/,YOLO,0
eirzii,I don‚Äôt understand any of this,"I don‚Äôt understand options or pretty much 90% of what is talked about on this sub. I put money into boring shit like index funds.  That being said, I‚Äôve laughed my ass off in this sub more than any other. 

Thank you for the quality entertainment",https://www.reddit.com/r/wallstreetbets/comments/eirzii/i_dont_understand_any_of_this/,Stewartsw1,1,2020-01-01 19:38:23,307,/r/wallstreetbets/comments/eirzii/i_dont_understand_any_of_this/,NaN,0
eis0ip,At least we're smarter than these people.,,https://i.redd.it/dnc5ieky2a841.jpg,ConnorGracie,1,2020-01-01 19:40:41,0,/r/wallstreetbets/comments/eis0ip/at_least_were_smarter_than_these_people/,Satire,0
eis9lr,What‚Äôs the best to invest with 50$,[removed],https://www.reddit.com/r/wallstreetbets/comments/eis9lr/whats_the_best_to_invest_with_50/,Aztecskingz,1,2020-01-01 20:01:16,0,/r/wallstreetbets/comments/eis9lr/whats_the_best_to_invest_with_50/,NaN,0
eisamk,"After loosing 250k in bitcoin last year, I decided to try options trading. Reach out to me for trading advice!",,https://i.redd.it/2lrshre17a841.jpg,majd1239,1,2020-01-01 20:03:33,0,/r/wallstreetbets/comments/eisamk/after_loosing_250k_in_bitcoin_last_year_i_decided/,NaN,0
eisc19,Anyone gonna buy a shit ton of $NOK for the new decade?,with the rise of 5G and all that shit i think i‚Äôll be a good move. boutta go blow all my savings on it,https://www.reddit.com/r/wallstreetbets/comments/eisc19/anyone_gonna_buy_a_shit_ton_of_nok_for_the_new/,thatErickkid,1,2020-01-01 20:06:45,38,/r/wallstreetbets/comments/eisc19/anyone_gonna_buy_a_shit_ton_of_nok_for_the_new/,Discussion,0
eisgy4,2019 mems,"Just wanted to share one of my worst predictions of 2019.

I predicted that the share price of AMD would double after closing my position. Boy was I wrong.

https://old.reddit.com/r/wallstreetbets/comments/8f4i51/buy_amd_puts/dy0iisy/",https://www.reddit.com/r/wallstreetbets/comments/eisgy4/2019_mems/,CheatingWhoreJenny,1,2020-01-01 20:18:15,0,/r/wallstreetbets/comments/eisgy4/2019_mems/,NaN,0
eisp11,Bradley Cooper in limitless is my north star,[removed],https://www.reddit.com/r/wallstreetbets/comments/eisp11/bradley_cooper_in_limitless_is_my_north_star/,Blackwhitehorse,1,2020-01-01 20:36:59,0,/r/wallstreetbets/comments/eisp11/bradley_cooper_in_limitless_is_my_north_star/,Shitpost,0
eisubi,How can I make $200K in 2020?,I need $200K to enroll and afford my Master's degree for studying abroad. May you folks teach me how to make $200K from the stock market by the end of December 2020?,https://www.reddit.com/r/wallstreetbets/comments/eisubi/how_can_i_make_200k_in_2020/,author-pendragon,1,2020-01-01 20:49:06,130,/r/wallstreetbets/comments/eisubi/how_can_i_make_200k_in_2020/,NaN,0
eisuwq,lol I'm the only one of my friends that will be reporting capital losses on my taxes this year,"I had a net loss of about 2k in 2019

üêªs unite",https://www.reddit.com/r/wallstreetbets/comments/eisuwq/lol_im_the_only_one_of_my_friends_that_will_be/,PirateDrunk,1,2020-01-01 20:50:32,0,/r/wallstreetbets/comments/eisuwq/lol_im_the_only_one_of_my_friends_that_will_be/,NaN,0
eiswpx,Reading tea leaves and locusts,[removed],https://www.reddit.com/r/wallstreetbets/comments/eiswpx/reading_tea_leaves_and_locusts/,with-nolock,1,2020-01-01 20:54:41,6,/r/wallstreetbets/comments/eiswpx/reading_tea_leaves_and_locusts/,DD,0
eit0df,Tesla fatal crash in los Angeles on December 29,[removed],https://www.reddit.com/r/wallstreetbets/comments/eit0df/tesla_fatal_crash_in_los_angeles_on_december_29/,wilywarewolf,1,2020-01-01 21:03:34,0,/r/wallstreetbets/comments/eit0df/tesla_fatal_crash_in_los_angeles_on_december_29/,Discussion,0
eit0mq,*paid for by BA*,,https://i.redd.it/d8n3ujdvha841.jpg,CalinYoEar,1,2020-01-01 21:04:16,10,/r/wallstreetbets/comments/eit0mq/paid_for_by_ba/,NaN,0
eita0d,Free riding and call options ü§ú,"Would anyone have any information regarding free riding regulations and options trading. For example, if I wanted to exercise in the money option contracts, but I did not have enough capital to buy 100 times however many contracts worth of shares, could I free ride and buy those shares, sell immediately for profit, and take a 90 day restriction from my broker and still remain profitable? Sounds dumb and I haven‚Äôt done this (yet). Would appreciate any insight.",https://www.reddit.com/r/wallstreetbets/comments/eita0d/free_riding_and_call_options/,mlawr0077,1,2020-01-01 21:27:41,0,/r/wallstreetbets/comments/eita0d/free_riding_and_call_options/,Options,0
eitfaf,My New Year's Resolution,"I decided to promise to myself that 2020 will be the year I finally supplement my income and throw money into the market. I would go to r/Investing, but seeing as I don't suck dick for fun I'm pledging myself here. All hail the autists, and may your tendies be plentiful.",https://www.reddit.com/r/wallstreetbets/comments/eitfaf/my_new_years_resolution/,RepressedTraumas,1,2020-01-01 21:40:54,31,/r/wallstreetbets/comments/eitfaf/my_new_years_resolution/,Shitpost,0
eithca,YOLO $3 strike PTI calls?,[removed],https://www.reddit.com/r/wallstreetbets/comments/eithca/yolo_3_strike_pti_calls/,tilly53,1,2020-01-01 21:46:07,0,/r/wallstreetbets/comments/eithca/yolo_3_strike_pti_calls/,Discussion,0
eits26,Goal of 100K portfolio value in 2020,"TL;DR I‚Äôm a newfag starting with about $6K at the start of 2020, and if I somehow manage to reach a portfolio value of $100K, I‚Äôm going to get my first tattoo and it will be the wall street bets kid.

Over the past few weeks I have dipped my feet into options trading, mostly following theta gang strategies, and I absolutely love it. Haven‚Äôt made a ton of money but that‚Äôs only because I recently unlocked level 3 options.

Storytime:

My friends and family keep saying the same shit, ‚Äúit‚Äôs literally gambling, don‚Äôt light all your money on fire, save your money, invest in real estate blah blah blah‚Äù. 

Fuck that, I‚Äôm an autist.

I once got dragged behind a car trying to imitate back to the future. Wear a helmet? 

Fuck that I‚Äôm retarded.

At my first job out of college, I got pissed off when I discover my coworkers with less experience made slightly more money than me. I performed well and after about a year I got a laughable raise, and my boss told me he wants to make me a manager within a couple years blah blah blah more empty promises. Everyone telling me I‚Äôm doing great and have an amazing future at the company.

Fuck that I‚Äôm an autist. 

Found a new job contracting for even more money than I was trying to get at my last job, work there for a few months, same shit, they love me and wanna hire me full time, more talk of bright future. I ask for a ridiculous amount of money and they offer close to that but lower. Job security, huge company expansion, 401K, good money?

Fuck that I‚Äôm an autist.

I hop to another job for even more tendies. I doubled my original salary from my first job in only a few months. But my new job is boring as fuck and I just feel like I‚Äôm trapped in the rat race forever seeking more and more money doing jobs that I don‚Äôt like doing as my youthful years quickly pass by.

Whenever someone told me to follow the traditional path I did the opposite and it always worked out. My father has worked his entire life making tons of money and it was all wasted on bullshit college educations on kids that are doomed to repeat the cycle, doomed to be wagecucks forever.

Fuck that I‚Äôm an autist.

I‚Äôm not gonna spend my extra money from my job on shit I don‚Äôt need. I‚Äôm not gonna buy an overpriced house, I‚Äôm not gonna buy a fancy car, I‚Äôm going to trade options until I have $100K, enough money to quit my job and start focusing on things I actually wanna do.

If you actually managed to read this entire thing you might be even more autistic than me but I hoped you enjoyed my shitty rant.",https://www.reddit.com/r/wallstreetbets/comments/eits26/goal_of_100k_portfolio_value_in_2020/,thehandsoap,1,2020-01-01 22:12:14,0,/r/wallstreetbets/comments/eits26/goal_of_100k_portfolio_value_in_2020/,Storytime,0
eitzfa,Best option brokerage platform?,"[ambien post]

I have been out of the game for a few years, dipped my foot in with Robinhood Here and there and don‚Äôt like it.  

Previously used Fido Active trader Pro which was nice.  Not sure how it is now.

Tried tasty works when the first released it and the layout wasn‚Äôt for me.  

Any autistic or even non autistic suggestions on where to check out?",https://www.reddit.com/r/wallstreetbets/comments/eitzfa/best_option_brokerage_platform/,ABOHRtionist,1,2020-01-01 22:30:55,20,/r/wallstreetbets/comments/eitzfa/best_option_brokerage_platform/,Options,0
eiu0qt,Joe mamma,[removed],https://www.reddit.com/r/wallstreetbets/comments/eiu0qt/joe_mamma/,xan_axe,1,2020-01-01 22:34:17,0,/r/wallstreetbets/comments/eiu0qt/joe_mamma/,NaN,0
eiu126,"stocks dipped when trump got elected in 2016, then began skyrocketting, will it happen again?","I just know that the orange man is going to get re-elected. The market is gonna dip temporarily like it did last time and then proceed to skyrocket. I'm going to buy puts expiring the day after the election and buy calls expiring 1 week after the election. Last year I got scared and sold my shares for a loss of $100 when it dipped, not happening this year. I don't want nuggies, I want tendies.

[don't look him directly in the eyes](https://preview.redd.it/cuqbc64qwa841.png?width=300&amp;format=png&amp;auto=webp&amp;s=4e6c536dc26ef35532bb8148395eed07b46266bc)",https://www.reddit.com/r/wallstreetbets/comments/eiu126/stocks_dipped_when_trump_got_elected_in_2016_then/,thehandsoap,1,2020-01-01 22:35:06,32,/r/wallstreetbets/comments/eiu126/stocks_dipped_when_trump_got_elected_in_2016_then/,Shitpost,0
eiu8rw,Is this year going to be TSMC‚Äôs first time selling wafers to AMD for consoles?,"We all know how well consoles usually sell and this could also dramatically increases TSMC‚Äôs revenue this year. We already have 5g, AMD 7nm PC chips, and now every ps5 and Xbox series x will have chips using TSMC‚Äôs 7nm process. Remember, each console will be using a cpu chip and a gpu chip from AMD. Almost certain both will be from the 7nm process. Like this is literally a brand new revenue stream for TSMC this year. There shouldn‚Äôt be any shortage of 7nm wafers too since Apple is moving onto TSMC‚Äôs 5nm process this year. We know a sht ton more consoles are sold compared to the DIY market for PC.

TLDR: All in call TSMC 2020.",https://www.reddit.com/r/wallstreetbets/comments/eiu8rw/is_this_year_going_to_be_tsmcs_first_time_selling/,fallouthong,1,2020-01-01 22:55:28,2,/r/wallstreetbets/comments/eiu8rw/is_this_year_going_to_be_tsmcs_first_time_selling/,DD,0
eiu975,Oink oink capitalist pigs,How ya doing oink oink stock trade agreed?,https://www.reddit.com/r/wallstreetbets/comments/eiu975/oink_oink_capitalist_pigs/,TateDance,1,2020-01-01 22:56:33,0,/r/wallstreetbets/comments/eiu975/oink_oink_capitalist_pigs/,NaN,0
eiuanj,I wanna get into this shit but Im Australian and theres no apps?,"Yo I wanna get into trading and everything but the Australian stock market is trash, and I can't get any of the standard, simple, American apps for trading

Any good simple aussie apps that use the american stock exchange?",https://www.reddit.com/r/wallstreetbets/comments/eiuanj/i_wanna_get_into_this_shit_but_im_australian_and/,BarnabyJoyceIsOkay,1,2020-01-01 23:00:30,14,/r/wallstreetbets/comments/eiuanj/i_wanna_get_into_this_shit_but_im_australian_and/,NaN,0
eiuceb,Thank you 2019 !,,https://i.redd.it/gnjxj1fe3b841.jpg,lumosnox14,1,2020-01-01 23:04:58,0,/r/wallstreetbets/comments/eiuceb/thank_you_2019/,Gain,0
eiuf8h,Uncut Gems should be required viewing for this sub,"Guy places FD bets with money that isn‚Äôt his in the hopes of scoring yachts, tendies, and some fine ass. Goes about as well as it does here",https://www.reddit.com/r/wallstreetbets/comments/eiuf8h/uncut_gems_should_be_required_viewing_for_this_sub/,o0DrWurm0o,1,2020-01-01 23:12:33,63,/r/wallstreetbets/comments/eiuf8h/uncut_gems_should_be_required_viewing_for_this_sub/,NaN,0
eiul40,North Korea leader Kim Jong Un said Wednesday the world will witness a new strategic weapon in the near future.,,https://www.cnbc.com/2019/12/31/north-korean-leader-kim-jong-un-warns-of-shocking-action-new-strategic-weapon.html,mark000,1,2020-01-01 23:28:34,17,/r/wallstreetbets/comments/eiul40/north_korea_leader_kim_jong_un_said_wednesday_the/,NaN,0
eiund5,Vegas Math: How Does a Lady Gaga Residency Make Money for MGM?,"I was recently looking up Lady Gaga tickets, and I was surprised to see how expensive they were. However, I was even more surprised to see how much she alone is getting paid for the residency. Apparently, she is signed a two-year $100 MM deal for 74 shows:

https://www.rollingstone.com/music/music-news/lady-gaga-plots-las-vegas-residency-199241/

Ticket sales have been pulling in $1.41 MM - $1.48 MM per show. Even if we use the top end of that number and multiply it by the total number of shows, you get a number barely above $100 MM

74 x $1.48 MM = $109.52 MM

So, that‚Äôs less than $10 MM to cover all the other costs of 74 shows (including the marketing for it and what not). Even considering that most guests who go to the show will stay in a hotel (which may not may not even be an MGM property) and spend other money here, I don‚Äôt see how this could possibly be making much money on a net basis. And unless Lady Gaga has enough clout to pull in people who would not otherwise come to Vegas (and I‚Äôm too unaware of her current fan base to know if she does), people who go to this show and pay hundreds of dollars for tickets will likely just cut back on spending elsewhere on a Vegas trip. 

This just seems like an interesting business problem. I‚Äôm not sure how something like this could make money for MGM, but perhaps I‚Äôm missing a key element or two and I can be enlightened by some of you people here. I‚Äôm sure MGM would not spend this kind of cash if they didn‚Äôt think it would make a good return, but I just don‚Äôt see how these numbers could work in any meaningful way. 

Cheers!",https://www.reddit.com/r/wallstreetbets/comments/eiund5/vegas_math_how_does_a_lady_gaga_residency_make/,GoingforIvey,1,2020-01-01 23:35:09,20,/r/wallstreetbets/comments/eiund5/vegas_math_how_does_a_lady_gaga_residency_make/,NaN,0
eiutfa,We should put the top .5 percent against the wall,[removed],https://www.reddit.com/r/wallstreetbets/comments/eiutfa/we_should_put_the_top_5_percent_against_the_wall/,TateDance,1,2020-01-01 23:52:44,0,/r/wallstreetbets/comments/eiutfa/we_should_put_the_top_5_percent_against_the_wall/,NaN,0
eiuuiz,Change my mind: Technical analysis is complete nonsense,[removed],https://www.reddit.com/r/wallstreetbets/comments/eiuuiz/change_my_mind_technical_analysis_is_complete/,ShawnHans007,1,2020-01-01 23:56:07,0,/r/wallstreetbets/comments/eiuuiz/change_my_mind_technical_analysis_is_complete/,Discussion,0
eiuvcj,Literally can‚Äôt lose money on a $39 T put tomorrow. Get in now!,,https://i.redd.it/8ox4bdqxcb841.jpg,micholas_norse,1,2020-01-01 23:58:24,0,/r/wallstreetbets/comments/eiuvcj/literally_cant_lose_money_on_a_39_t_put_tomorrow/,Fundamentals,0
eiuvl7,"Thanks 2019. At least I can do fractional shares now, so I‚Äôm not over with just yet!",,https://i.redd.it/nrvtgbf2db841.jpg,theWMWotMW,1,2020-01-01 23:59:07,0,/r/wallstreetbets/comments/eiuvl7/thanks_2019_at_least_i_can_do_fractional_shares/,Loss,0
